report_id,report_name,report_date,department_name,report_type,summary,manager_id
1,Report place,2026-02-27,Logistics,Weekly,Professional still toward relationship daughter town. Military answer part top because fund front.,83
2,Report wish,2026-01-19,Veterinary,Annual,Law leader technology third focus. Shake our civil might foreign scene firm.,427
3,Report find,2026-02-05,Logistics,Weekly,Decide wish pass let them. Meeting wait address born serve last chair.,183
4,Report heavy,2026-02-11,Logistics,Weekly,Light bad once beautiful leader opportunity. Fast before few picture line same follow.,432
5,Report turn,2026-01-21,Logistics,Weekly,Hear beat herself pass high alone win. Treat fast any else behind method drive.,458
6,Report high,2026-02-09,HR,Monthly,Moment another entire. Him data picture set. Detail military may create popular control find.,98
7,Report population,2026-02-02,Logistics,Monthly,Budget arm explain responsibility. Would control also relate amount.,334
8,Report role,2026-02-22,Veterinary,Incident,Election wide half a. Parent without direction economic worker.,3
9,Report time,2026-01-18,Analytics,Monthly,Whether question think produce very program great. Growth fear seat know. Type address know happy.,30
10,Report former,2026-01-10,Logistics,Annual,Major without trial reduce executive. Pick close fire situation office church agency.,75
11,Report small,2026-01-14,Veterinary,Weekly,Student feel candidate fall.,126
12,Report statement,2026-01-25,Logistics,Weekly,Mind challenge pattern fish. Hotel throw hand instead me old billion.,446
13,Report learn,2026-04-06,Veterinary,Incident,Run front possible story personal.,349
14,Report Mr,2026-01-24,HR,Monthly,Live suddenly little car industry white.,336
15,Report with,2026-03-26,Veterinary,Annual,Good effect popular nearly sure no. East quality call have.,360
16,Report for,2026-04-09,Operations,Annual,Election difficult available have. Real allow red where pass case somebody treatment.,272
17,Report million,2026-02-27,Logistics,Annual,Try bar wear provide you. Man seem hard answer listen whether.,319
18,Report hour,2026-03-28,HR,Weekly,Community production alone employee sport least.,130
19,Report late,2026-03-13,Logistics,Annual,Drive form theory detail impact newspaper. Any or floor sing.,444
20,Report up,2026-01-03,Logistics,Incident,Season reality prevent everyone wall Congress. Suggest company I yard bit leg.,454
21,Report compare,2026-03-22,Operations,Weekly,Fear seek care phone system drop night. Mind Mrs wish whether go score.,312
22,Report similar,2026-03-01,HR,Incident,Evening just turn. Assume sport easy value eye.,478
23,Report stop,2026-02-13,Veterinary,Weekly,Learn beyond modern partner writer despite. Agent industry fast lead several.,99
24,Report star,2026-02-19,Logistics,Annual,Grow house any identify firm generation. Involve able ever others executive.,57
25,Report foreign,2026-03-03,Veterinary,Weekly,Represent space understand man reason. Wide rather charge tend.,379
26,Report focus,2026-01-11,Operations,Annual,Candidate head today condition ahead operation former. Official type art right treatment second.,138
27,Report you,2026-04-09,Logistics,Monthly,Outside keep win sign. Tax western clear matter though type stay ready.,385
28,Report feeling,2026-02-10,Logistics,Incident,Show hit community voice. Drive amount itself so.,48
29,Report different,2026-03-12,Logistics,Incident,Senior yourself just radio head around brother away. Husband tell west.,277
30,Report up,2026-02-26,Operations,Annual,Computer air simply away matter. Use teacher order finish by.,352
31,Report executive,2026-02-01,Logistics,Annual,Look lay business within owner provide friend. Everybody service party conference campaign student.,279
32,Report across,2026-02-09,Operations,Annual,"Image expert deep true current. Race assume once during energy.
Little standard none size prevent.",23
33,Report throw,2026-02-28,Operations,Incident,Congress prove this it ground. Base present condition cut nor you bag.,460
34,Report simple,2026-03-10,HR,Annual,"Decision member beyond personal happy one.
Seek outside state remember statement avoid.",113
35,Report worry,2026-02-13,HR,Weekly,Anything speak worry record. Mention office participant.,191
36,Report bag,2026-02-20,Veterinary,Weekly,Whatever six trade. Yet black bad attorney.,51
37,Report hard,2026-03-12,Veterinary,Weekly,Add effort situation. People TV carry those. Large space could health bad.,238
38,Report interview,2026-03-15,HR,Incident,Attention consider suddenly of. Like across president happen relate beautiful number.,247
39,Report determine,2026-03-09,Analytics,Weekly,Away store floor group security environmental laugh and. Mean discussion upon bed management.,55
40,Report no,2026-03-28,HR,Weekly,Despite goal brother baby firm step blood. Daughter provide current area protect least social.,26
41,Report animal,2026-02-20,Logistics,Incident,Low action stock read sell unit goal. Continue born campaign important fine entire factor.,120
42,Report night,2026-02-05,Veterinary,Monthly,Onto investment population avoid. Sea onto half quality.,348
43,Report share,2026-04-02,HR,Annual,Show fish million heavy. Idea environmental television financial watch social child four.,259
44,Report glass,2026-01-11,Logistics,Incident,Performance professional everyone benefit successful would above. Current cover add.,436
45,Report any,2026-03-30,Analytics,Annual,True girl item nation majority old already cup. Public truth never to. Poor then mind.,314
46,Report final,2026-02-02,HR,Weekly,Them officer feel crime training. Set person assume back. Development own here wear suffer.,412
47,Report allow,2026-03-07,HR,Incident,Then region media provide kind way.,201
48,Report authority,2026-02-08,Operations,Monthly,Throughout way item city standard wife. As election pressure past economy.,388
49,Report season,2026-04-04,Veterinary,Annual,Wait seem special bag animal think. Range bag bank head. Require them marriage news.,345
50,Report decade,2026-01-12,Analytics,Incident,Point serve without keep answer your. Their fast guess job offer. Which player talk.,275
51,Report close,2026-03-04,HR,Weekly,Western itself explain near price strong weight.,416
52,Report myself,2026-04-03,Operations,Annual,Apply glass science carry firm upon per.,360
53,Report process,2026-02-06,Analytics,Monthly,Top vote certain commercial environment. Oil health though road.,342
54,Report listen,2026-03-11,Analytics,Weekly,Join staff trial meeting consumer. Set play at gas.,95
55,Report indicate,2026-01-28,Veterinary,Monthly,Road move concern senior senior effect same fall. Activity final answer up around.,142
56,Report style,2026-01-25,Logistics,Monthly,Ahead cost system partner until. Agreement section skin.,199
57,Report old,2026-02-21,Analytics,Incident,Media watch report huge wife mind tree. Forward actually prepare catch something.,345
58,Report in,2026-03-10,Logistics,Annual,Employee order fly another environment they per. Cell affect beautiful though free.,105
59,Report rather,2026-03-13,Analytics,Weekly,Marriage radio man bar high life type let.,431
60,Report be,2026-02-10,Logistics,Incident,Within effect daughter expect religious behind we. Above sister those away beyond bit notice.,22
61,Report girl,2026-02-16,Analytics,Monthly,Great reason teacher painting participant. Writer knowledge we represent rule seven draw.,184
62,Report opportunity,2026-02-12,Operations,Annual,Issue no hold list before market.,59
63,Report street,2026-01-17,Veterinary,Monthly,Again manager image term window sing. Security check they training return friend around.,167
64,Report bag,2026-04-02,HR,Monthly,Arrive task already eight. Piece set throw interest school.,135
65,Report memory,2026-03-31,Operations,Incident,Audience within marriage month by training. Born get peace. Writer they along dinner.,104
66,Report defense,2026-02-14,HR,Monthly,"Ago beat guess process. Degree ground catch hard left share that simple.
Spend threat training bar.",177
67,Report interest,2026-04-02,Operations,Annual,Around chance another expert enjoy because. Congress yet teach shake light seat occur rise.,15
68,Report foot,2026-04-01,Logistics,Weekly,Growth leave practice themselves between everybody owner. Natural benefit book those finish get.,134
69,Report attorney,2026-01-11,Veterinary,Incident,Source family Congress.,440
70,Report the,2026-01-21,Analytics,Monthly,Work environmental build animal year position. Hit drug deep than yard.,329
71,Report save,2026-02-19,Logistics,Annual,Agent of work use. Yes evidence occur perform third upon.,252
72,Report send,2026-03-22,Veterinary,Monthly,Who college possible throughout use.,115
73,Report safe,2026-01-28,HR,Weekly,Bed game watch now son. North middle rich. Court improve response guess grow time.,483
74,Report smile,2026-03-31,Logistics,Weekly,Little focus white ok. Direction others natural trip. Operation if kind style.,388
75,Report page,2026-01-23,Veterinary,Annual,Whatever seat either available. Game growth foot American. Area buy industry heart continue.,206
76,Report something,2026-03-12,Analytics,Annual,Bed last without data finally order. Need season need suggest old.,356
77,Report give,2026-04-09,HR,Annual,Again hospital system on. Dark ahead too will the. Administration hear current blue.,244
78,Report interesting,2026-03-18,Logistics,Monthly,Avoid consumer teach sea past. Once partner teacher check. Body pass how stage.,343
79,Report charge,2026-04-03,HR,Monthly,Return question ball may. To Congress point prove which. From indeed marriage wall.,33
80,Report know,2026-03-31,Veterinary,Annual,Tell generation life second pretty good expert. Finish stop Mrs style world eat.,441
81,Report democratic,2026-04-06,Analytics,Weekly,Set situation we room owner. Or day meeting. Which experience interest stage.,121
82,Report team,2026-01-07,Analytics,Monthly,Agreement onto impact officer. Wide toward require entire message.,366
83,Report industry,2026-04-06,Veterinary,Weekly,Power place member. Around range theory total. Late all night popular page place no.,177
84,Report give,2026-04-05,Logistics,Incident,Edge medical again with. Chance also improve team mind would. Apply choice institution life.,72
85,Report various,2026-01-22,HR,Monthly,Society step support. Toward start individual son message consumer training.,248
86,Report foot,2026-03-26,Operations,Weekly,Light world arm second author hard let. Half other energy adult push particularly.,319
87,Report resource,2026-01-25,Logistics,Annual,Yeah state meeting speak serious prepare. Single author bad research.,373
88,Report policy,2026-02-21,Logistics,Incident,View safe dark key myself girl late. Performance seek them police. Plan box thousand side sport.,381
89,Report mother,2026-03-24,Operations,Monthly,Line every price. Travel crime least necessary. Case everyone remain glass.,269
90,Report perform,2026-01-05,Operations,Monthly,Class market service. Quality create Republican itself.,455
91,Report next,2026-02-04,Operations,Incident,Likely account relationship including much compare close.,192
92,Report great,2026-02-26,HR,Monthly,Sit think just show short church term. Maybe meet case affect standard.,279
93,Report food,2026-04-05,Veterinary,Monthly,"Property any dinner phone bit event minute.
Report sit almost language weight whole card.",481
94,Report pretty,2026-01-27,Veterinary,Incident,Southern door third value goal. Star voice middle us.,5
95,Report maybe,2026-02-19,Analytics,Monthly,Agency do improve old. Certainly increase wind game during.,285
96,Report deal,2026-03-25,Analytics,Weekly,Skin on include. Life concern learn expert movement. Use billion design because maintain.,67
97,Report bar,2026-02-12,Veterinary,Incident,"History national have remain top. Myself world customer friend represent.
Student employee man.",198
98,Report month,2026-03-05,Operations,Monthly,Experience many surface family friend. Base material wear ball throughout rate green.,203
99,Report price,2026-03-29,Analytics,Weekly,Number scientist majority moment hard anyone child. Watch word letter style.,346
100,Report dinner,2026-02-20,Veterinary,Monthly,Quality everyone health despite rich. Order recognize floor campaign.,168
101,Report recently,2026-01-06,Operations,Weekly,Third deep camera.,246
102,Report less,2026-03-08,Veterinary,Incident,Voice late degree decide bad. Walk occur knowledge front best keep nor. These great up learn and.,200
103,Report six,2026-02-09,HR,Annual,Indicate more matter culture star.,260
104,Report other,2026-01-15,Logistics,Annual,Prevent available strong. Sense east game production. Send foreign model pretty.,27
105,Report discussion,2026-01-05,Logistics,Annual,Every spring street billion third. Firm finish single establish great give drop.,434
106,Report language,2026-04-11,Veterinary,Incident,"Arm keep other bed herself physical word.
Director someone beautiful trade service.",380
107,Report usually,2026-04-08,Analytics,Annual,Know visit better color. Born way air.,293
108,Report tell,2026-01-29,Veterinary,Monthly,Painting head pull gas subject. Consumer sometimes young also. No world a reduce white skin.,275
109,Report property,2026-03-29,Analytics,Incident,Once election executive must. From interview sing onto.,358
110,Report serious,2026-03-07,Operations,Weekly,Suggest tax difference enjoy necessary their. Director various over size.,234
111,Report his,2026-01-14,Analytics,Weekly,Knowledge down good fish series book. Window better media factor under thought.,479
112,Report state,2026-02-26,Operations,Monthly,Produce hot design say world color. Hair position near son mother reason throw.,131
113,Report blood,2026-02-07,Operations,Incident,By exactly result crime by listen. Thing here answer growth.,20
114,Report add,2026-02-08,Veterinary,Weekly,Teacher some specific magazine. Full beat street now third.,203
115,Report face,2026-02-04,Operations,Annual,Hold discuss politics teach country describe prepare. Keep five beat most information hour where.,53
116,Report our,2026-01-18,Operations,Monthly,Federal want summer speech. Follow any no same. Book relationship door he too recently.,438
117,Report range,2026-01-26,Operations,Monthly,Find imagine north. Letter wish quality trade.,428
118,Report world,2026-04-05,Analytics,Annual,Almost guy protect protect point because. Responsibility blood however water without answer.,162
119,Report care,2026-02-02,Operations,Weekly,Issue great message able fight out every sometimes. Require score final address.,313
120,Report yeah,2026-04-12,Analytics,Annual,Whatever describe and them his. Rich big prepare.,247
121,Report while,2026-03-29,Analytics,Weekly,Office newspaper every data.,102
122,Report bill,2026-03-14,Analytics,Annual,Free explain buy. Just campaign practice white so officer.,341
123,Report dog,2026-03-08,Veterinary,Annual,Raise require four any against.,441
124,Report mission,2026-02-03,Logistics,Annual,Pass environmental office I benefit. Scientist letter large building weight change.,233
125,Report hear,2026-03-07,Logistics,Incident,Focus war assume second safe teach toward water.,20
126,Report teacher,2026-03-29,Veterinary,Monthly,Crime between view share. Media wall meet agreement look hear. Reason stage country space.,394
127,Report take,2026-01-10,Logistics,Monthly,Enter real again fast big store leader. Campaign house little list top woman.,364
128,Report race,2026-01-13,Operations,Weekly,More answer skin of step. Special girl enjoy able can early important officer.,47
129,Report choose,2026-03-07,Operations,Annual,One general someone man case close low. Expert drop big line weight sing.,449
130,Report add,2026-03-08,Veterinary,Monthly,Ahead inside compare inside.,282
131,Report share,2026-01-01,Veterinary,Annual,Board floor director matter source firm upon.,219
132,Report world,2026-04-04,Veterinary,Monthly,Much evidence city opportunity. Drug strong do. Tough enjoy tree firm.,112
133,Report ago,2026-02-13,Veterinary,Annual,Field to agent short production resource care. Subject member contain step crime take.,367
134,Report within,2026-03-23,HR,Monthly,Season member manager teach act hand event. May close yeah actually staff.,88
135,Report voice,2026-04-03,Veterinary,Monthly,Work chair huge case. Else process medical fire yes run business. Technology begin of religious.,425
136,Report why,2026-02-14,Operations,Annual,Debate area but wide young visit blue. Fill state peace describe room.,26
137,Report from,2026-03-13,Operations,Monthly,Home thought case offer war. Trip reflect best theory even likely against black.,499
138,Report agent,2026-04-04,Logistics,Annual,Lose kitchen behavior. Between best this nature western well likely man.,108
139,Report blood,2026-03-06,Veterinary,Monthly,But hospital soon else blue result bit. Left knowledge article purpose main order.,292
140,Report contain,2026-03-24,Analytics,Weekly,Author that case. But friend trade above open decide prevent.,178
141,Report current,2026-02-22,HR,Monthly,Western hard bed address stock sing parent few. Cold watch party determine.,124
142,Report fall,2026-02-04,Operations,Incident,Care thought newspaper husband by she so. Available these soon board whose near soldier bar.,151
143,Report less,2026-01-14,Operations,Annual,Question man cell sing money game culture. Sit situation true movement.,436
144,Report never,2026-04-06,Logistics,Weekly,Quite prevent information. As number fall candidate program officer issue.,148
145,Report wife,2026-04-04,Veterinary,Monthly,Citizen nearly yet conference. Time center least hotel customer.,413
146,Report computer,2026-04-10,Operations,Incident,Life parent sound between reflect job. Girl high result certainly.,465
147,Report behavior,2026-03-13,HR,Monthly,Us rise long laugh son. Family song public floor join us. Color might think glass son over.,471
148,Report American,2026-04-06,Analytics,Annual,Serious good social back. Would specific least. Career director key area.,1
149,Report government,2026-03-01,HR,Monthly,Enough walk forget itself expect. Southern model building agent become tonight possible.,385
150,Report bring,2026-01-20,Analytics,Annual,Detail success boy player month our. Activity economy young we everyone collection.,392
151,Report true,2026-01-29,Veterinary,Incident,Agent participant later everyone. Face a seat pick nothing.,118
152,Report miss,2026-01-16,Operations,Weekly,Green travel bank back personal answer party nice.,313
153,Report financial,2026-02-06,Analytics,Incident,"North she mean officer lead. President western account lawyer top.
President fall many.",158
154,Report party,2026-03-04,Operations,Weekly,Thousand should American. Either then share garden. Technology add part threat somebody.,126
155,Report project,2026-01-01,Veterinary,Incident,Without age company plant. Wind pattern officer science.,74
156,Report medical,2026-02-11,Logistics,Incident,Positive move present those more. Space challenge also program usually.,261
157,Report mother,2026-02-14,Veterinary,Incident,Food product couple off table TV. Action million other sign visit artist.,135
158,Report marriage,2026-03-29,Veterinary,Annual,Either nor some there energy fall. Investment his Republican care official.,58
159,Report message,2026-03-18,HR,Incident,But produce lawyer serve office. Describe to Democrat consider throw capital knowledge nearly.,153
160,Report represent,2026-03-20,Logistics,Incident,Fight receive site kind form wide car check. Specific father career yes.,289
161,Report economic,2026-03-04,Operations,Monthly,"Five difficult industry middle.
Central member director spring practice usually few.",174
162,Report impact,2026-04-12,Analytics,Monthly,Which when bad assume bank career cut.,337
163,Report recently,2026-01-26,Logistics,Annual,Government woman can everyone give. Future provide kid no.,288
164,Report happen,2026-04-08,Logistics,Incident,Article fall body could beat. Loss age leave ability school energy.,29
165,Report mother,2026-03-24,Analytics,Incident,This seven Mrs east everyone carry. Officer finish care agent mission.,220
166,Report he,2026-04-09,HR,Annual,Before commercial protect research. Far pick expert low admit hard reduce.,301
167,Report hot,2026-02-15,Logistics,Monthly,Near worry themselves different. Identify seem high include hospital work.,466
168,Report simple,2026-01-16,HR,Monthly,Option suddenly fish authority leg issue why. Beat large marriage nor race even.,402
169,Report might,2026-02-03,HR,Monthly,Discuss evidence and second far. Arm after trouble door. Would recent probably receive five.,83
170,Report actually,2026-01-10,Veterinary,Weekly,Station grow medical part. We enter gas pull. Industry indicate inside.,87
171,Report play,2026-03-23,Veterinary,Incident,Our plant morning tell collection policy. Stand collection worry. Miss amount eat.,391
172,Report food,2026-04-03,Analytics,Weekly,Dark out start themselves room song. Standard consumer foreign challenge.,18
173,Report available,2026-01-27,HR,Weekly,While through understand. Ago simple worker.,392
174,Report including,2026-03-22,Operations,Incident,Inside dinner expect husband. Goal turn open offer. Line live but race agreement clearly wait rate.,165
175,Report model,2026-02-23,Veterinary,Incident,Ready Congress left day. Administration test concern increase from half.,22
176,Report thank,2026-01-25,Veterinary,Weekly,Employee exist police turn Mrs again. Newspaper do free Congress later American police near.,311
177,Report interesting,2026-01-14,Operations,Annual,Hospital how town five provide girl cost. Television I follow at TV.,17
178,Report purpose,2026-02-02,Analytics,Annual,Ground role person box discussion art. Better short future address land.,478
179,Report next,2026-01-30,Logistics,Incident,Some catch present prevent on system billion. Difference huge them popular.,142
180,Report foreign,2026-03-05,Veterinary,Incident,Community occur seven probably service student. Court line away hair its member goal.,361
181,Report magazine,2026-01-05,Veterinary,Monthly,Especially however industry they season. Management air difference kind its. Involve ball into.,458
182,Report along,2026-02-14,Logistics,Weekly,Machine continue skill everyone worry where office success. President audience effect young.,458
183,Report hard,2026-02-18,Logistics,Incident,Listen must treatment person.,261
184,Report tell,2026-04-09,Veterinary,Weekly,Goal simple in still yourself billion and. South ahead sport shake grow scientist rule.,207
185,Report record,2026-02-18,Veterinary,Monthly,Nature technology set boy hope.,278
186,Report reason,2026-02-07,HR,Incident,She century physical attorney down current. Stop a audience. Factor discuss tree matter nature.,481
187,Report fish,2026-03-30,HR,Weekly,Meet design ball product bank among cause. Choose several couple trouble sea free whom.,328
188,Report bag,2026-02-12,Analytics,Weekly,Dark sing thousand. Series bar with especially front form.,436
189,Report same,2026-02-22,HR,Annual,Into my during finally. Tax player notice event radio discuss.,134
190,Report many,2026-01-31,Veterinary,Incident,Fill soldier save reveal word method. Professor hot thing ten team forward current trial.,484
191,Report support,2026-02-09,Analytics,Weekly,Them yourself later would fly interest. Manager anyone many himself generation white.,97
192,Report specific,2026-01-28,HR,Weekly,Tend him so same. For treatment both game total past its.,276
193,Report be,2026-04-03,Logistics,Incident,Someone special sister increase break bank home mention. Agree skin scientist. Require large then.,303
194,Report road,2026-02-19,Veterinary,Monthly,Night become new during cell arm. Arm catch huge her.,364
195,Report model,2026-03-09,HR,Annual,Page reason want surface week. By you ask current continue artist sort.,182
196,Report real,2026-03-22,HR,Monthly,Film treatment police instead ever. Successful hand save involve choice.,202
197,Report move,2026-04-06,Veterinary,Incident,"Bill involve later up rest. Ever measure current authority east.
Explain increase weight hair.",175
198,Report along,2026-02-16,Operations,Weekly,Lead gun toward a growth. Effort town series hair.,262
199,Report doctor,2026-04-04,Analytics,Weekly,"Culture which set.
Guess you attack. There until manage when probably stock until.",308
200,Report produce,2026-03-30,Logistics,Annual,Ask break case minute former. Out wear doctor life cell.,397
201,Report film,2026-03-27,Operations,Monthly,Camera lead ahead create voice off. Information social final price. Maybe soldier local.,107
202,Report professional,2026-01-28,Analytics,Incident,Special chance condition. Use eat audience beat. Computer memory include stuff maintain easy eye.,291
203,Report majority,2026-02-22,Analytics,Incident,Parent ball garden machine focus light. Best specific site machine drop.,448
204,Report writer,2026-02-05,Analytics,Incident,History care power believe. Shoulder allow close article join half.,471
205,Report subject,2026-01-15,Analytics,Annual,Hundred food among. That international go radio stay significant necessary.,147
206,Report memory,2026-01-09,Veterinary,Weekly,Dog ground various significant. Hot sure recent through.,202
207,Report show,2026-01-26,Operations,Monthly,"Carry among cultural never sound. Save he another local.
Yet compare tough eye soon.",421
208,Report important,2026-02-09,HR,Monthly,Growth realize lot pick minute goal entire. Bit east force arrive why several medical.,399
209,Report range,2026-02-12,HR,Weekly,Three name coach off kind nature well. Plan church health sit hold young task.,44
210,Report mission,2026-03-24,Analytics,Monthly,Mention different discuss over. Piece weight image hope rate area especially.,231
211,Report point,2026-03-20,Logistics,Weekly,Beat party list shoulder we hour. Treatment and us.,299
212,Report successful,2026-01-03,HR,Weekly,Thus another mission between. Not those business candidate case.,412
213,Report wish,2026-01-13,Logistics,Annual,Meeting little law writer.,255
214,Report necessary,2026-03-30,Operations,Weekly,Time tough blood. Must billion make letter doctor should modern. Staff decision rest now green.,354
215,Report hotel,2026-03-13,HR,Incident,You almost tax usually show reduce. Guess after story learn miss community.,254
216,Report hospital,2026-03-02,Veterinary,Weekly,Education those certainly popular be. Media part probably important cost company deal.,209
217,Report next,2026-04-04,Veterinary,Monthly,Television hundred force. Already very base take central dog region take. Be maybe local.,202
218,Report buy,2026-04-02,Analytics,Incident,Can rest bring light wait campaign media street.,283
219,Report morning,2026-02-25,Analytics,Weekly,Defense minute at product. Explain color whom. Father inside by often recently exist.,169
220,Report order,2026-02-27,Operations,Incident,Tv produce far under product drive. Job bed sell lot opportunity culture someone.,258
221,Report develop,2026-01-21,Veterinary,Annual,Sit season food condition bank want use record.,322
222,Report door,2026-03-02,Logistics,Incident,Factor piece everyone blood trip charge house he.,124
223,Report white,2026-03-12,Logistics,Monthly,Appear mean with size. Event interest imagine yeah you tree.,142
224,Report ground,2026-03-04,Operations,Weekly,"Try tend economic control personal model father.
Those add themselves.",359
225,Report race,2026-04-06,Analytics,Incident,Apply development when call us would computer always. Former human you large.,286
226,Report what,2026-02-02,Analytics,Monthly,Hot if treatment teacher once. Third either ready real beyond.,125
227,Report good,2026-01-13,HR,Incident,Chance painting film matter six stand why.,131
228,Report treatment,2026-02-17,HR,Weekly,Add less industry office determine. Book ten history. Others stay require leg song seven.,75
229,Report service,2026-01-30,HR,Annual,Everybody answer ahead view knowledge. Owner throughout draw into still quality.,356
230,Report recent,2026-03-17,Operations,Incident,Push capital nature think subject yourself.,74
231,Report late,2026-02-13,Veterinary,Monthly,Expert because movie suffer. Wear detail image space change.,124
232,Report price,2026-01-25,Analytics,Weekly,Worry hit fly article color. Treat lose speech discover. Daughter just peace teacher.,445
233,Report candidate,2026-01-13,Veterinary,Monthly,Study news close item after young heavy. Station relate may family research.,238
234,Report without,2026-02-23,Logistics,Monthly,Sound hotel action which son situation coach. System mission take vote.,377
235,Report move,2026-01-15,Analytics,Annual,Nation return bill. Most player current. Newspaper anything movement learn piece.,237
236,Report force,2026-02-18,HR,Weekly,Full series girl return. Car family require certain official main. Think ten hotel war.,85
237,Report institution,2026-03-15,Logistics,Monthly,Hard particular professor notice. Democratic improve market owner move crime act.,48
238,Report above,2026-03-13,Veterinary,Monthly,Difficult represent join catch natural. Gas rather guess sport nation front attention western.,406
239,Report method,2026-01-05,Veterinary,Incident,Develop road machine course explain meet. Send world likely hold never drive enter.,149
240,Report father,2026-03-29,Operations,Monthly,Woman child store site. Allow something scientist matter.,359
241,Report who,2026-02-25,Logistics,Incident,Reduce ok lose. Soon tend indicate line soldier goal. Year story check hope.,390
242,Report which,2026-04-04,HR,Weekly,Suddenly until case culture wear good. Year identify prevent language real accept professional.,260
243,Report indeed,2026-02-22,Veterinary,Weekly,Sure hard side idea rock role fly me. Expert phone four lead structure cut other measure.,15
244,Report knowledge,2026-02-03,Operations,Annual,Space very training land. Worker church west.,331
245,Report avoid,2026-03-26,Operations,Monthly,Grow wear his page forward. Model child eight thousand. Road happy sometimes human miss mean.,259
246,Report short,2026-01-16,Operations,Annual,In Republican culture. Ready sure before.,489
247,Report young,2026-02-02,Veterinary,Monthly,Almost before help nature. Like late cold nice green hold. Rather without general hard push have.,294
248,Report question,2026-01-04,HR,Weekly,"Citizen whether ago fight shoulder pay him.
Tax dark wait hot accept. It in moment likely.",163
249,Report per,2026-04-10,Operations,Annual,Animal never seem chance should system. Get woman develop religious especially.,34
250,Report positive,2026-04-10,Veterinary,Annual,Land director job mother. Perhaps spend much effect probably. Likely how weight thank race most.,404
251,Report last,2026-04-02,Operations,Incident,My check level seven college near most. Single relate Republican loss remember family subject.,50
252,Report nearly,2026-04-03,Logistics,Incident,Red method interest recently three.,385
253,Report high,2026-01-13,Analytics,Weekly,Home contain discussion effort attack left. Store that treat traditional high theory north.,463
254,Report create,2026-01-12,HR,Weekly,Some certainly into such town. Remember special see religious.,270
255,Report receive,2026-02-20,Operations,Annual,Before rock trip cut. Miss return score soldier yet artist certain. And health away.,302
256,Report just,2026-02-07,Operations,Annual,Drop now visit reduce source international. Forward anything have style.,411
257,Report push,2026-02-01,HR,Monthly,Everything through system dog now success form nature. Job hospital step conference worker such.,310
258,Report until,2026-01-27,Veterinary,Incident,Green rule life. Car why stay set.,331
259,Report loss,2026-03-15,Veterinary,Annual,Tend use game sign. I sign morning move simple. Position large card special them.,387
260,Report line,2026-03-18,Operations,Weekly,Raise woman chair ever agreement TV play.,95
261,Report office,2026-03-11,Veterinary,Weekly,Set anything material. Hold rather stage determine eight. Threat manager back end improve threat.,52
262,Report daughter,2026-01-08,Logistics,Annual,Student teach agreement. Seem less woman next enter.,366
263,Report course,2026-02-16,Analytics,Monthly,Capital dog career bring husband business. Successful team customer than.,113
264,Report reflect,2026-03-11,Veterinary,Monthly,Opportunity when simply civil close spring dream science. Through indeed word team.,65
265,Report degree,2026-01-25,Logistics,Annual,Amount deep sort.,4
266,Report player,2026-01-26,Operations,Annual,Amount thousand others contain. Father will game whose. Technology property institution.,488
267,Report quite,2026-01-05,Logistics,Weekly,Economy common I teach particularly. Field probably against trip. Try history offer way here.,489
268,Report house,2026-02-15,Veterinary,Incident,Hope central note. Nor effect class writer.,23
269,Report family,2026-04-02,HR,Monthly,Fish heavy shoulder throughout voice speak research. Arrive present war glass.,481
270,Report close,2026-04-10,Veterinary,Weekly,Left image no who. Not put carry. Know similar rise policy knowledge else program every.,241
271,Report focus,2026-03-16,Operations,Incident,Crime notice the ever film else. Positive national peace explain later manager dark.,349
272,Report throw,2026-02-23,Operations,Monthly,Language cup daughter affect forget. Treat attorney relationship receive factor indeed.,124
273,Report blood,2026-02-05,Analytics,Annual,Full art sport consumer fast. Security both ago option success member also.,234
274,Report court,2026-02-23,Analytics,Annual,Official indicate view box entire.,95
275,Report society,2026-03-04,Veterinary,Weekly,Go foot dark. Hold wear power unit several generation. Including his me no long.,260
276,Report best,2026-02-22,Operations,Incident,Discuss provide shoulder particular method. Address wife only need start.,130
277,Report decision,2026-01-20,HR,Annual,Audience election particular Congress threat attention. Almost wide article building sport design.,363
278,Report everybody,2026-01-28,HR,Annual,Discuss nor something part close involve hundred. Really music help.,177
279,Report expert,2026-03-28,Operations,Weekly,Red field make move act. Interest clearly both stand clearly. Trouble any commercial.,12
280,Report matter,2026-03-16,HR,Annual,"Available hold full rock.
Nothing back us exactly not ever bag. Federal Mr who these development.",284
281,Report agree,2026-03-23,Analytics,Annual,Lot example western fall to wide station decision.,332
282,Report serve,2026-02-09,Logistics,Incident,Professional company film wear cup air. Expert spend key present plant later you get.,56
283,Report road,2026-04-03,HR,Weekly,This and season number.,82
284,Report energy,2026-03-25,Logistics,Monthly,Animal baby away every. Artist once method country investment toward seem know.,229
285,Report many,2026-03-04,Analytics,Incident,Ten court guess put between exactly seek. While write leave try lay.,257
286,Report very,2026-03-06,Veterinary,Weekly,Development result few yet commercial finally with. Seek analysis ahead indeed city small.,445
287,Report color,2026-02-14,Operations,Monthly,National dog throughout.,171
288,Report down,2026-03-23,Analytics,Monthly,"Spend talk read free.
Campaign local another best relate window rise. Effort we blood near.",174
289,Report can,2026-02-13,Logistics,Annual,Hotel positive rise fast. Require democratic several vote team top energy.,152
290,Report support,2026-04-05,HR,Incident,Show young same significant show even. Leader store feel often base husband lay. Buy own blood.,159
291,Report true,2026-01-16,HR,Monthly,Him street car others lay away exist. Professional garden play.,301
292,Report gun,2026-01-03,HR,Monthly,Others position firm. Subject list end appear more someone yeah.,25
293,Report best,2026-03-24,Logistics,Incident,Statement at great affect. Inside bag technology pass could focus.,47
294,Report send,2026-03-30,Logistics,Monthly,Democratic put although image main good. Prove seven later.,191
295,Report support,2026-02-27,Operations,Incident,Fill hand hear kid build federal.,55
296,Report moment,2026-02-17,Logistics,Weekly,Same allow no around value today arrive. Probably land reduce number your simple.,258
297,Report purpose,2026-01-29,Analytics,Annual,Into law peace instead whom. Range final three kind daughter week. Could edge loss alone.,307
298,Report song,2026-02-18,Operations,Annual,"Make different none decade sport.
During city type game land. Attention room southern hard young.",421
299,Report no,2026-02-16,Logistics,Incident,Act democratic marriage right. Face old hot left point cover determine.,44
300,Report difference,2026-01-15,Operations,Annual,Science care wear drug attention only. Cup concern suggest fight story large kid parent.,10
301,Report stay,2026-04-04,Analytics,Weekly,Phone page whatever. Owner lot ever. Within lawyer skill mention.,139
302,Report food,2026-02-27,Veterinary,Weekly,Memory total note lay certain. Win them water anything visit.,235
303,Report finally,2026-03-23,HR,Monthly,Either song cover trip. Political market question dark.,253
304,Report system,2026-01-10,Logistics,Monthly,Floor turn enter still skin. Likely hope that guess. Career physical reality low middle.,153
305,Report bring,2026-03-21,Analytics,Annual,Stand son perhaps type western. Mind final right eye side. Plan suggest former trial rich.,438
306,Report world,2026-03-30,Operations,Annual,Picture consumer skin pass. Worry huge my girl clear. Stuff science red bad turn nice PM.,198
307,Report success,2026-03-05,HR,Incident,Home something organization investment already over order. Factor material their tough.,60
308,Report fact,2026-02-05,Logistics,Monthly,Party reach likely determine when take. Left rich whether world rather. Deep stage business.,363
309,Report down,2026-02-11,HR,Weekly,Second anything ball another. Letter final sister game.,408
310,Report should,2026-03-10,Analytics,Monthly,Institution dog teacher cup beyond. Record executive industry light.,335
311,Report alone,2026-01-29,HR,Incident,"Third time begin hotel. Fall window now onto.
Carry that see series.",418
312,Report strategy,2026-03-09,Operations,Annual,Seek woman early case certain mean she.,38
313,Report certainly,2026-03-28,Veterinary,Monthly,Available address husband education. Fall find behind. Any include hold personal pull former east.,35
314,Report medical,2026-03-22,Logistics,Weekly,Believe cover under city.,165
315,Report enjoy,2026-02-24,Logistics,Monthly,Whatever future ten future. Situation study former far. Speak provide right into.,15
316,Report respond,2026-02-07,HR,Weekly,Than always citizen method specific they. Whatever information feel.,143
317,Report west,2026-01-17,Analytics,Incident,Lot politics make less level fund. Interview church expect identify nearly water.,110
318,Report blood,2026-02-08,Veterinary,Weekly,Similar case every with television. Memory imagine institution budget.,165
319,Report call,2026-02-11,Operations,Weekly,"Scene still leg. Seat billion stage analysis forget attorney spend.
Him stand manage deal.",498
320,Report foot,2026-02-22,Operations,Monthly,What figure pay always wait fall include. Peace laugh research our everything strategy player.,122
321,Report week,2026-01-11,Analytics,Incident,There leader account sound enter enjoy. Billion item month point.,174
322,Report suffer,2026-03-06,Analytics,Weekly,Keep toward why order. Conference particular trouble room concern. Help everything walk.,270
323,Report investment,2026-02-04,HR,Incident,Light day according left point. Conference pretty lot walk sea force.,392
324,Report particularly,2026-02-17,Logistics,Annual,Outside soon tax police suffer sing usually. Interview upon contain seem.,168
325,Report community,2026-02-04,HR,Annual,As onto politics interesting various themselves. Morning front simply society only trouble.,381
326,Report special,2026-01-03,Operations,Weekly,Teach hard turn because. Scene information treatment still.,289
327,Report although,2026-02-11,Analytics,Annual,Material show people soldier Democrat our. Father camera seven throughout each.,277
328,Report kid,2026-03-07,Operations,Monthly,"Into together man maintain guy.
Who century often still two question. While pay own certainly last.",73
329,Report learn,2026-01-05,HR,Annual,Should sure level open. Tend suffer church provide case future. Military fight give.,303
330,Report real,2026-02-02,Logistics,Weekly,Occur body current benefit animal yet talk.,145
331,Report series,2026-02-14,Analytics,Annual,None control we factor guess. North figure his color enough when. Authority former in attack oil.,238
332,Report blood,2026-03-11,Logistics,Weekly,Way buy poor plant research.,158
333,Report write,2026-01-03,HR,Monthly,Approach improve wind network school. Newspaper play someone owner.,389
334,Report over,2026-03-24,Logistics,Monthly,Daughter necessary consider notice business economy. Actually difficult where not.,290
335,Report evidence,2026-02-03,Veterinary,Incident,Life go issue. Nature from move certain role usually against.,496
336,Report house,2026-01-28,Operations,Annual,Everybody source dream customer too fight sign. Thought environmental save coach.,199
337,Report age,2026-03-28,Operations,Monthly,"Can notice occur more green something trip.
Republican area push glass sometimes.",354
338,Report interview,2026-03-01,Logistics,Incident,Even town health charge. Sister market policy senior.,295
339,Report recent,2026-02-11,Operations,Weekly,Later themselves particularly reach happy want. Four fine its girl.,12
340,Report truth,2026-03-10,Logistics,Monthly,Media need authority high. Allow begin money lead other. Concern over picture reason exactly.,14
341,Report your,2026-01-24,Logistics,Weekly,Financial head subject. Behavior his make tell bag manager.,239
342,Report we,2026-02-22,Logistics,Weekly,You daughter play ground paper financial local. Land before look really.,304
343,Report how,2026-02-16,HR,Weekly,Commercial spring great art read. Color summer same capital career fill source.,167
344,Report former,2026-03-14,Analytics,Incident,Wrong hot question all. Note very end similar north four threat. Wall far group really force.,93
345,Report partner,2026-01-11,HR,Annual,Law go big themselves. Describe upon lay development beautiful.,141
346,Report can,2026-01-18,Operations,Weekly,Successful wide enough wide accept must wind. Money miss know upon wait sing.,156
347,Report night,2026-01-27,Operations,Monthly,Cup mention themselves foot cultural water. Rather note number anything.,85
348,Report live,2026-04-09,Veterinary,Monthly,Maybe black side subject partner summer exactly on.,356
349,Report state,2026-02-01,HR,Incident,Message buy drive decade senior.,410
350,Report especially,2026-01-05,Logistics,Monthly,Child us week support black. Walk operation full minute.,305
351,Report many,2026-03-28,Logistics,Monthly,Loss build at office. Movement position since civil view father. Know scientist table.,277
352,Report fall,2026-01-21,Logistics,Annual,Enjoy value husband personal discover because our. Sport like every player environmental maybe.,498
353,Report culture,2026-02-17,Veterinary,Weekly,Chance relate agreement fight keep. Well continue story visit husband. Network eat still quality.,172
354,Report organization,2026-01-22,HR,Annual,Fish only rich laugh. Issue city receive many. Material a whether fact up report new model.,257
355,Report Republican,2026-04-04,Veterinary,Annual,Next above ok attack he stock available.,31
356,Report because,2026-01-09,Operations,Monthly,Police professional street area. Special black hundred protect name special stage case.,269
357,Report break,2026-03-29,Analytics,Incident,Benefit leader case should. Maybe power ago news final. Water news drive experience commercial.,91
358,Report door,2026-02-16,Logistics,Weekly,Itself change laugh face. According watch type around bank.,480
359,Report back,2026-04-04,Logistics,Incident,"Drive product as could.
Energy sell answer. Eat while what tell common food.",413
360,Report community,2026-02-24,Veterinary,Monthly,See throughout rate camera for. Republican TV exactly poor few.,415
361,Report mother,2026-01-08,Logistics,Monthly,Down section both explain concern street. Run general instead way less here upon.,124
362,Report loss,2026-03-03,Veterinary,Monthly,My each fund ok why. Discuss American street edge parent staff option.,322
363,Report affect,2026-02-05,Veterinary,Monthly,International whether always that feel.,483
364,Report treat,2026-02-21,Logistics,Monthly,Box matter west team. Behavior off peace network.,346
365,Report building,2026-01-12,Analytics,Monthly,May size class eat theory. Weight interest fast enter word interview.,22
366,Report huge,2026-01-13,Operations,Monthly,Give less yet show pressure himself quickly such. Form reason employee about so attack very.,457
367,Report factor,2026-03-10,HR,Annual,Hair really attention investment guy plan. Could building bag type close.,377
368,Report production,2026-03-02,Analytics,Weekly,Scene together office evidence article dog she. Painting personal million us.,225
369,Report serious,2026-01-25,Operations,Incident,Reach save performance front body foot good call. Push executive two.,336
370,Report it,2026-02-01,HR,Monthly,Reality reveal rise hot many. Turn would level seem perhaps quickly. Table pass picture ready ok.,309
371,Report age,2026-03-20,HR,Weekly,Push game physical expert state whole but.,120
372,Report on,2026-01-25,Logistics,Monthly,Finally able feel debate. Win suffer station necessary way. Else while weight describe three.,308
373,Report provide,2026-03-21,Analytics,Weekly,Probably writer determine rule. Yourself fish military stock sing.,65
374,Report range,2026-02-24,HR,Weekly,"Movie fear space owner price. Door bank far learn. Perhaps approach learn fact.
Buy exist six.",473
375,Report drive,2026-02-25,Analytics,Annual,Hotel seek realize ok age. Strong paper pretty certainly sort.,219
376,Report fly,2026-03-03,HR,Monthly,State rather Congress fear third play statement his. Decision force police.,393
377,Report black,2026-01-24,Operations,Monthly,Fast kind herself approach. Western perform every professor morning shoulder.,257
378,Report store,2026-03-28,Analytics,Annual,Single worker trouble garden mind pattern. Hot should chair interesting manager wide heavy.,127
379,Report growth,2026-03-22,Operations,Annual,Half help direction worry none sign.,26
380,Report us,2026-02-10,Veterinary,Monthly,Account defense treat. Must road cell dinner.,24
381,Report manage,2026-03-30,Operations,Monthly,Congress society become anyone somebody recognize billion member.,369
382,Report oil,2026-02-21,Logistics,Incident,Trip pay dinner ten. Memory teach put behind investment.,424
383,Report eye,2026-03-25,HR,Incident,Program a role nothing ten. Whether off lay dream how. Various among or point.,265
384,Report concern,2026-02-17,Analytics,Incident,Prevent us sense leader child. Talk daughter report. Now firm he often read.,425
385,Report law,2026-03-05,Analytics,Monthly,Structure call control very loss road. Seven network account reflect whole.,359
386,Report lot,2026-03-21,Logistics,Weekly,Mention pattern at total. Personal black responsibility notice at answer three some.,258
387,Report artist,2026-02-05,Operations,Incident,Us its low draw explain.,440
388,Report tree,2026-02-16,Analytics,Weekly,Two various attorney gun. Serve where particular accept law line attorney.,36
389,Report from,2026-04-04,Logistics,Incident,Already least able including hard too. Dinner bit run. Room share serious probably.,128
390,Report choose,2026-04-12,Logistics,Incident,Others though product between act of week. Wide school budget break. Law serve ball degree.,323
391,Report image,2026-02-28,HR,Incident,First rich back officer. Dinner affect dark.,292
392,Report Congress,2026-03-01,HR,Weekly,Smile act customer true what explain. Test kitchen debate star reality listen.,459
393,Report former,2026-02-02,Analytics,Weekly,Letter spend without leader. See measure green vote car throw whom.,254
394,Report blood,2026-02-27,Veterinary,Annual,Control size president none western so wrong. Join would tax democratic friend fine hotel.,354
395,Report student,2026-03-08,Logistics,Weekly,Trade public similar when air us hundred. Somebody learn could able. Own argue foot friend eye.,205
396,Report four,2026-01-04,Analytics,Annual,Back free impact prepare. Report stock next fly similar.,179
397,Report ready,2026-01-29,Veterinary,Monthly,Age tax contain really end TV civil work. Stay word east war best western.,430
398,Report pretty,2026-01-11,Logistics,Annual,Worry matter and result behind.,443
399,Report law,2026-04-03,Operations,Monthly,Growth cultural often change their attention evidence first. Trip off reduce moment available good.,410
400,Report color,2026-02-16,HR,Monthly,Need note behind. Care sure medical show nothing.,166
401,Report statement,2026-02-27,Analytics,Incident,Whole ball off reason effect.,12
402,Report real,2026-04-02,Operations,Weekly,So great behind fill manager at. Home surface anyone let suggest.,211
403,Report level,2026-03-17,Veterinary,Monthly,End Republican writer entire page. Large level right sure.,330
404,Report teach,2026-01-12,Analytics,Incident,Me type increase. Commercial wall though project thing great.,362
405,Report last,2026-04-02,Logistics,Incident,System need word board age reflect. Weight table TV information recognize.,250
406,Report drop,2026-01-28,Analytics,Monthly,Wife culture eight media whom return. I beautiful modern have parent.,208
407,Report increase,2026-03-31,Analytics,Monthly,Police beautiful small most talk site. It possible inside trip.,119
408,Report human,2026-01-31,Analytics,Annual,Attention pretty either. Ready two fast guess.,252
409,Report college,2026-04-07,HR,Incident,Pattern thus big capital. Nearly between air go into how nation. Challenge like station along.,304
410,Report Mr,2026-01-02,Veterinary,Weekly,Argue environmental four stuff. Cup seem society per piece.,66
411,Report nice,2026-02-07,HR,Annual,Role get west interest. Lot painting save white. With poor good mind interest traditional.,412
412,Report firm,2026-02-08,Logistics,Weekly,Hospital outside race. Right seem thank.,172
413,Report fill,2026-02-05,Analytics,Weekly,Figure day morning subject mouth. Drop do step. Choose them common once onto.,489
414,Report father,2026-03-01,Operations,Weekly,Her economic protect collection. Lay major cost message company type clearly.,129
415,Report mission,2026-03-17,HR,Annual,Single eat act newspaper magazine share. Each on issue people young. Deep show wife.,173
416,Report news,2026-03-27,Logistics,Incident,Boy operation if accept beat team.,328
417,Report campaign,2026-01-06,Veterinary,Incident,Father sing I involve whether. Easy end discover by drive large particularly.,10
418,Report high,2026-02-21,Analytics,Weekly,Paper five exist hand. Memory up fast pretty. Film may use officer scene.,227
419,Report attack,2026-03-22,Analytics,Weekly,Bag project conference phone drop organization. Coach any few special wrong impact draw.,378
420,Report maintain,2026-04-02,Analytics,Annual,Under husband nearly important. Attention media impact future feeling. Position such theory.,163
421,Report computer,2026-01-24,Veterinary,Weekly,Their church ground two today sound. Executive party future official.,379
422,Report condition,2026-01-11,Operations,Incident,Establish quite later idea employee age suffer. Five understand carry paper visit.,421
423,Report draw,2026-02-24,HR,Weekly,Continue training kid pass. Score these add through theory.,497
424,Report professional,2026-01-27,Logistics,Weekly,Group eight want pass. Site see line hard.,46
425,Report structure,2026-03-16,Operations,Weekly,Somebody act say tree democratic guy rich Congress. Two protect occur a upon.,176
426,Report daughter,2026-02-11,Veterinary,Incident,Today position wrong fear then major. Second trouble Republican hit response decide dream.,308
427,Report care,2026-03-28,HR,Weekly,Minute effect Mrs man computer available. Pick firm indeed support letter affect.,279
428,Report admit,2026-01-14,Logistics,Weekly,Watch someone quickly try. Method dinner act meet man feeling almost.,334
429,Report its,2026-02-15,Veterinary,Annual,"Such course I project.
Decision town room particularly food low. Sea their difficult.",146
430,Report medical,2026-01-23,Logistics,Annual,These force card part production song show. Business reduce more law. Describe dark air blue.,184
431,Report born,2026-01-11,HR,Incident,Third degree report interesting large. Military national quality choose.,239
432,Report floor,2026-02-04,Veterinary,Annual,Be cell across miss. Court one spring charge instead dream raise.,163
433,Report if,2026-01-11,Analytics,Annual,Move late anyone produce necessary away feeling sister. Ground can behavior.,230
434,Report democratic,2026-02-08,HR,Weekly,Pay staff son name wall resource rich. Imagine if thought likely score view.,235
435,Report last,2026-02-22,Operations,Incident,Similar quickly experience view street. Evening game suddenly such career follow.,341
436,Report leader,2026-01-12,Logistics,Weekly,Around feel we prove pattern. Friend forward later you safe ok.,324
437,Report maybe,2026-03-02,HR,Incident,Same surface also bank deep type. Seem stop firm moment job. Fire long the just.,62
438,Report feeling,2026-03-24,Analytics,Annual,Various beat figure human. Story performance reality trial performance.,68
439,Report day,2026-01-01,Operations,Incident,It play guy deal former body.,468
440,Report rest,2026-02-10,Veterinary,Annual,Safe entire despite similar challenge interest box. Skill sport stage go front.,447
441,Report it,2026-02-15,Operations,Incident,Future remember us economy. Sport short we color yes.,449
442,Report score,2026-01-01,Analytics,Monthly,Notice bed brother without occur. See today tax upon bag administration central.,311
443,Report central,2026-03-23,Veterinary,Monthly,Also rock it. Miss five action late. Whom break defense close ok cut low major.,73
444,Report several,2026-03-31,Veterinary,Weekly,Skin understand new clear main political. According full why wind long ten.,286
445,Report second,2026-04-09,Operations,Incident,Improve performance need program skin these strategy. Science threat travel more bag word modern.,448
446,Report purpose,2026-01-16,HR,Monthly,Moment check action. Apply subject sure those party group.,406
447,Report admit,2026-02-06,Veterinary,Incident,Car sell draw though. Evening opportunity nothing camera.,425
448,Report anything,2026-01-21,Analytics,Monthly,Old for meet us amount drive.,40
449,Report agree,2026-01-04,Operations,Weekly,Response its suffer store. Forget positive reflect toward however. Back role alone camera close.,241
450,Report reason,2026-01-31,HR,Incident,You great research Republican product. Paper process fire hear less little should.,280
451,Report machine,2026-03-11,HR,Monthly,Billion bank expert need improve. Later number play feeling teacher.,433
452,Report present,2026-01-19,Operations,Annual,Long lose you check. Early beyond listen sister investment short fine. Sit always great.,226
453,Report day,2026-03-21,Logistics,Incident,Walk fire happen wall meet. Prevent base pressure off.,156
454,Report allow,2026-02-14,HR,Annual,Identify represent experience find determine. Treatment green worker rise in tonight.,180
455,Report who,2026-03-31,Analytics,Annual,Cause meeting character put. Protect consider visit keep person.,408
456,Report season,2026-02-02,HR,Annual,Along career defense one.,485
457,Report magazine,2026-01-19,Logistics,Incident,Power notice spring natural. Than bad any thing activity travel process onto. Range trip back old.,333
458,Report college,2026-02-18,Veterinary,Monthly,Word garden do deep tend me since. Entire sometimes individual civil stand within tough consider.,387
459,Report section,2026-03-23,Logistics,Monthly,Occur already either. Same success quite entire color. Question or crime station send.,302
460,Report color,2026-02-19,Veterinary,Monthly,Model game stop radio set. Way benefit detail direction support they west.,149
461,Report month,2026-04-03,Logistics,Weekly,Physical stage hotel my trade time whole religious.,5
462,Report claim,2026-02-02,HR,Incident,Read site rise something heart. Its help reason feel yard whom.,223
463,Report several,2026-03-02,Operations,Annual,Newspaper American task each. Create many show trade lot.,499
464,Report important,2026-01-16,Operations,Annual,Activity approach smile walk short smile. Sit no later see hear.,406
465,Report relationship,2026-02-26,Logistics,Annual,Couple discussion relate bring. Carry easy condition leader herself already wide.,439
466,Report maintain,2026-01-03,Analytics,Annual,Often within particularly crime. Ability there early section claim be behind.,255
467,Report indicate,2026-03-04,Logistics,Annual,Method also clear or man two letter prove. Offer class speak different inside.,475
468,Report accept,2026-03-27,Veterinary,Weekly,Citizen final see will benefit here. Camera leg Mrs.,317
469,Report administration,2026-02-19,Logistics,Weekly,Argue list our. Interesting with as food. Difficult less chance factor per.,461
470,Report approach,2026-01-14,Logistics,Weekly,Nothing prevent fall across necessary. Senior clearly house relate ten near share.,237
471,Report talk,2026-01-15,Logistics,Annual,Blue table soldier account. Hand board state recently want item.,378
472,Report book,2026-03-12,Veterinary,Annual,Security lead either including. Account can stock such network event. We light husband member what.,35
473,Report quite,2026-03-16,Logistics,Incident,Budget result bed great stuff. Leave them information wear hair him career.,480
474,Report night,2026-02-28,Analytics,Incident,Federal author race strong certain. However pass sell use. Single general boy.,499
475,Report get,2026-01-23,Logistics,Incident,"Project customer standard find. Tv not a fund.
Real wide factor thus spring decision big.",465
476,Report talk,2026-03-13,HR,Weekly,Size wrong kitchen song back once.,413
477,Report car,2026-03-28,Analytics,Annual,Boy spend type week culture box significant. Yes book financial energy appear entire month former.,395
478,Report bit,2026-02-14,Operations,Weekly,Beat accept direction avoid argue best. Guess see but down minute.,129
479,Report what,2026-02-23,Veterinary,Incident,Event old care. North analysis station pull.,471
480,Report material,2026-03-30,Logistics,Annual,Sound himself where seat.,135
481,Report director,2026-04-11,Analytics,Monthly,Production another send site fish international everyone. Behavior family tell.,487
482,Report look,2026-04-10,HR,Weekly,Usually enough avoid each contain. Party with matter rate cost.,32
483,Report trade,2026-03-30,Veterinary,Weekly,Interesting organization information. Under interview rather coach. Point pass plan fly style.,213
484,Report couple,2026-03-08,Operations,Monthly,Exactly raise film federal. Total region draw boy high civil.,191
485,Report wonder,2026-04-01,Logistics,Incident,Ready clearly land. Spring may fund.,386
486,Report role,2026-01-01,Operations,Annual,Quite smile perform reality. Light figure enough similar. Memory factor new.,424
487,Report evening,2026-02-09,Veterinary,Monthly,Each economy above heavy employee her treat. Everyone about movement kid.,494
488,Report none,2026-02-07,Veterinary,Annual,Well strong attack move language see visit. Entire candidate hand into rich.,249
489,Report but,2026-03-17,Analytics,Incident,Court event marriage four enjoy opportunity wish.,40
490,Report will,2026-01-03,HR,Incident,Land plant spend north human. Money rate various make line base paper. Medical start keep fear.,417
491,Report kitchen,2026-04-12,Analytics,Incident,Source skin building truth can north.,85
492,Report station,2026-01-15,Operations,Incident,Many black lawyer stand. Challenge him including sing message.,74
493,Report argue,2026-01-09,HR,Annual,Relate administration light free catch finally.,460
494,Report I,2026-01-21,Operations,Annual,Simply least beat. Congress language read history night young. Already court data future.,484
495,Report discuss,2026-02-13,Logistics,Weekly,Per agree reality song your start point run. Today possible room young consider my item.,328
496,Report many,2026-03-27,Operations,Incident,Particular yourself north. Star sit act bill past. Detail bill day charge born remember skill.,446
497,Report husband,2026-01-17,Operations,Incident,Doctor run them leg.,333
498,Report spring,2026-02-10,Operations,Weekly,Body word talk person. Method what themselves statement work. Consider expect door any many trial.,382
499,Report economy,2026-01-11,Logistics,Monthly,Moment this provide real. Despite option list bad economic it.,328
500,Report example,2026-01-13,Veterinary,Annual,"Also until right under whom discover. Manage road economy we series suddenly.
East list top.",94
